ra,dec,jd_start,jd_end,obj_name
313.6548336,22.08096273,2457998.8080556,2458728.8080556,SN 2018ffs
69.73731781,-20.6622255,2458096.7481829,2458826.7481829,SN 2018ibb
318.2292029,-16.6352985,2458379.686,2459109.686,SN 2019pud
233.25950536,67.9134729587,2458616.795,2459346.795,SN 2020jhm
286.956567,62.963764,2458706.8026706,2459436.8026706,SN 2020qlb
232.0712434,39.9473215,2458771.5,2459501.5,SN 2020tcw
219.4553081,20.3046156,2458215.5,2458945.5,SN 2019aamp
24.149167,33.40115,2460109.9518056,2460839.9518056,SN 2024dbb
