ra,dec,jd_start,jd_end,obj_name,type
269.1433378,8.0437008,2460189.6039699,2460389.6039699,AT 2023vth,FBOT
