ra,dec,jd_start,jd_end,obj_name,type
192.822663,0.520697,2459291.7226505,2459491.7226505,SN 2021krf,SN Ic-pec
